,Company Name,Industry,Symbol,Series,ISIN Code,m_cap
0,3M India Ltd.,Diversified,3MINDIA,EQ,INE470A01017,35426.0
1,ABB India Ltd.,Capital Goods,ABB,EQ,INE117A01022,101108.9
2,ACC Ltd.,Construction Materials,ACC,EQ,INE012A01025,39689.8
3,AIA Engineering Ltd.,Capital Goods,AIAENG,EQ,INE212H01026,33867.6
4,APL Apollo Tubes Ltd.,Capital Goods,APLAPOLLO,EQ,INE702C01027,44070.3
5,Aarti Drugs Ltd.,Healthcare,AARTIDRUGS,EQ,INE767A01016,4541.1
6,Aarti Industries Ltd.,Chemicals,AARTIIND,EQ,INE769A01020,22950.1
7,Aavas Financiers Ltd.,Financial Services,AAVAS,EQ,INE216P01012,11571.7
8,Abbott India Ltd.,Healthcare,ABBOTINDIA,EQ,INE358A01014,47710.1
9,Adani Energy Solutions Ltd.,Power,ADANIENSOL,EQ,INE931S01010,116189.7
10,Adani Enterprises Ltd.,Metals & Mining,ADANIENT,EQ,INE423A01024,326661.6
11,Adani Green Energy Ltd.,Power,ADANIGREEN,EQ,INE364U01010,253476.9
12,Adani Power Ltd.,Power,ADANIPOWER,BE,INE814H01011,197359.6
13,Adani Total Gas Ltd.,Oil Gas & Consumable Fuels,ATGL,EQ,INE399L01023,109436.6
14,Adani Wilmar Ltd.,Fast Moving Consumer Goods,AWL,EQ,INE699H01024,47191.3
15,Aditya Birla Capital Ltd.,Financial Services,ABCAPITAL,EQ,INE674K01013,41567.0
16,Aegis Logistics Ltd.,Oil Gas & Consumable Fuels,AEGISCHEM,EQ,INE208C01025,12764.1
17,Aether Industries Ltd.,Chemicals,AETHER,EQ,INE0BWX01014,11787.0
18,Affle (India) Ltd.,Information Technology,AFFLE,EQ,INE00WC01027,17172.4
19,Alembic Pharmaceuticals Ltd.,Healthcare,APLLTD,EQ,INE901L01018,15277.9
20,Alkem Laboratories Ltd.,Healthcare,ALKEM,EQ,INE540L01014,59453.7
21,Alkyl Amines Chemicals Ltd.,Chemicals,ALKYLAMINE,EQ,INE150B01039,13142.7
22,Allcargo Logistics Ltd.,Services,ALLCARGO,EQ,INE418H01029,7959.3
23,Alok Industries Ltd.,Textiles,ALOKINDS,EQ,INE270A01029,10849.1
24,Amber Enterprises India Ltd.,Consumer Durables,AMBER,EQ,INE371P01015,10246.8
25,Ambuja Cements Ltd.,Construction Materials,AMBUJACEM,EQ,INE079A01024,100344.6
26,Angel One Ltd.,Financial Services,ANGELONE,EQ,INE732I01013,27602.4
27,Anupam Rasayan India Ltd.,Chemicals,ANURAS,EQ,INE930P01018,10907.2
28,Apar Industries Ltd.,Capital Goods,APARINDS,EQ,INE372A01015,22583.0
29,Apollo Tyres Ltd.,Automobile and Auto Components,APOLLOTYRE,EQ,INE438A01022,27331.6
30,Asahi India Glass Ltd.,Automobile and Auto Components,ASAHIINDIA,EQ,INE439A01020,13497.6
31,Ashok Leyland Ltd.,Capital Goods,ASHOKLEY,EQ,INE208A01029,51059.3
32,Asian Paints Ltd.,Consumer Durables,ASIANPAINT,EQ,INE021A01026,324530.2
33,Aster DM Healthcare Ltd.,Healthcare,ASTERDM,EQ,INE914M01019,19975.5
34,Astral Ltd.,Capital Goods,ASTRAL,EQ,INE006I01046,51630.1
35,Atul Ltd.,Chemicals,ATUL,EQ,INE100A01010,20752.8
36,Aurobindo Pharma Ltd.,Healthcare,AUROPHARMA,EQ,INE406A01037,62323.4
37,Avanti Feeds Ltd.,Fast Moving Consumer Goods,AVANTIFEED,EQ,INE871C01038,5455.3
38,Avenue Supermarts Ltd.,Consumer Services,DMART,EQ,INE192R01011,261819.2
39,Axis Bank Ltd.,Financial Services,AXISBANK,EQ,INE238A01034,337433.3
40,BEML Ltd.,Capital Goods,BEML,EQ,INE258A01016,11993.0
41,BSE Ltd.,Financial Services,BSE,EQ,INE118H01025,31300.1
42,Bajaj Auto Ltd.,Automobile and Auto Components,BAJAJ-AUTO,EQ,INE917I01010,182919.2
43,Bajaj Finance Ltd.,Financial Services,BAJFINANCE,EQ,INE296A01024,442646.7
44,Bajaj Finserv Ltd.,Financial Services,BAJAJFINSV,EQ,INE918I01026,262065.9
45,Balaji Amines Ltd.,Chemicals,BALAMINES,EQ,INE050E01027,8471.6
46,Balkrishna Industries Ltd.,Automobile and Auto Components,BALKRISIND,EQ,INE787D01026,48617.3
47,Balrampur Chini Mills Ltd.,Fast Moving Consumer Goods,BALRAMCHIN,EQ,INE119A01028,7832.9
48,Bandhan Bank Ltd.,Financial Services,BANDHANBNK,EQ,INE545U01014,37848.3
49,Bank of Baroda,Financial Services,BANKBARODA,EQ,INE028A01039,116536.6
50,Bank of India,Financial Services,BANKINDIA,EQ,INE084A01016,49851.7
51,Bank of Maharashtra,Financial Services,MAHABANK,EQ,INE457A01014,32043.2
52,Bata India Ltd.,Consumer Durables,BATAINDIA,EQ,INE176A01028,20815.0
53,Bayer Cropscience Ltd.,Chemicals,BAYERCROP,EQ,INE462A01022,25404.9
54,Bharat Dynamics Ltd.,Capital Goods,BDL,EQ,INE171Z01018,31062.5
55,Bharat Electronics Ltd.,Capital Goods,BEL,EQ,INE263A01024,133001.4
56,Bharat Forge Ltd.,Capital Goods,BHARATFORG,EQ,INE465A01025,57125.4
57,Bharat Heavy Electricals Ltd.,Capital Goods,BHEL,EQ,INE257A01026,63443.2
58,Bharti Airtel Ltd.,Telecommunication,BHARTIARTL,EQ,INE397D01024,572214.6
59,Biocon Ltd.,Healthcare,BIOCON,EQ,INE376G01013,30093.0
60,Birla Corporation Ltd.,Construction Materials,BIRLACORPN,EQ,INE340A01012,10917.0
61,Birlasoft Ltd.,Information Technology,BSOFT,EQ,INE836A01035,20259.3
62,Blue Dart Express Ltd.,Services,BLUEDART,EQ,INE233B01017,17181.7
63,Blue Star Ltd.,Consumer Durables,BLUESTARCO,EQ,INE472A01039,18240.9
64,Borosil Renewables Ltd.,Capital Goods,BORORENEW,EQ,INE666D01022,5525.5
65,Bosch Ltd.,Automobile and Auto Components,BOSCHLTD,EQ,INE323A01026,64608.4
66,Brigade Enterprises Ltd.,Realty,BRIGADE,EQ,INE791I01019,19848.7
67,Brightcom Group Ltd.,Information Technology,BCG,EQ,INE425B01027,3905.8
68,Britannia Industries Ltd.,Fast Moving Consumer Goods,BRITANNIA,EQ,INE216A01030,126117.4
69,C.E. Info Systems Ltd.,Information Technology,MAPMYINDIA,EQ,INE0BV301023,10788.3
70,CESC Ltd.,Power,CESC,EQ,INE486A01021,16357.5
71,CIE Automotive India Ltd.,Automobile and Auto Components,CIEINDIA,EQ,INE536H01010,17989.4
72,CSB Bank Ltd.,Financial Services,CSBBANK,EQ,INE679A01013,6871.8
73,Campus Activewear Ltd.,Consumer Durables,CAMPUS,EQ,INE278Y01022,8589.9
74,Can Fin Homes Ltd.,Financial Services,CANFINHOME,EQ,INE477A01020,10319.4
75,Canara Bank,Financial Services,CANBK,EQ,INE476A01014,77173.1
76,Capri Global Capital Ltd.,Financial Services,CGCL,EQ,INE180C01026,15808.8
77,Carborundum Universal Ltd.,Capital Goods,CARBORUNIV,EQ,INE120A01034,20970.7
78,Castrol India Ltd.,Oil Gas & Consumable Fuels,CASTROLIND,EQ,INE172A01027,18056.4
79,Ceat Ltd.,Automobile and Auto Components,CEATLTD,EQ,INE482A01020,9661.1
80,Central Bank of India,Financial Services,CENTRALBK,EQ,INE483A01010,42319.6
81,Chalet Hotels Ltd.,Consumer Services,CHALET,EQ,INE427F01016,13347.6
82,Chemplast Sanmar Ltd.,Chemicals,CHEMPLASTS,EQ,INE488A01050,7951.3
83,Cipla Ltd.,Healthcare,CIPLA,EQ,INE059A01026,100511.1
84,City Union Bank Ltd.,Financial Services,CUB,EQ,INE491A01021,11031.8
85,Coal India Ltd.,Oil Gas & Consumable Fuels,COALINDIA,EQ,INE522F01014,225586.7
86,Cochin Shipyard Ltd.,Capital Goods,COCHINSHIP,EQ,INE704P01017,18080.2
87,Coforge Ltd.,Information Technology,COFORGE,EQ,INE591G01017,38704.0
88,Concord Biotech Ltd.,Healthcare,CONCORDBIO,EQ,INE338H01029,15756.2
89,Coromandel International Ltd.,Chemicals,COROMANDEL,EQ,INE169A01031,37189.0
90,Craftsman Automation Ltd.,Automobile and Auto Components,CRAFTSMAN,EQ,INE00LO01017,11366.8
91,CreditAccess Grameen Ltd.,Financial Services,CREDITACC,EQ,INE741K01010,25679.1
92,Cummins India Ltd.,Capital Goods,CUMMINSIND,EQ,INE298A01020,56192.6
93,Cyient Ltd.,Information Technology,CYIENT,EQ,INE136B01020,25991.9
94,DCM Shriram Ltd.,Diversified,DCMSHRIRAM,EQ,INE499A01024,16411.4
95,DLF Ltd.,Realty,DLF,EQ,INE271C01023,176947.7
96,Dabur India Ltd.,Fast Moving Consumer Goods,DABUR,EQ,INE016A01026,94024.3
97,Dalmia Bharat Ltd.,Construction Materials,DALBHARAT,EQ,INE00R701025,41992.8
98,Data Patterns (India) Ltd.,Capital Goods,DATAPATTNS,EQ,INE0IX101010,10779.4
99,Deepak Nitrite Ltd.,Chemicals,DEEPAKNTR,EQ,INE288B01029,33721.8
100,Delhivery Ltd.,Services,DELHIVERY,EQ,INE148O01028,28475.6
101,Delta Corp Ltd.,Consumer Services,DELTACORP,EQ,INE124G01033,3889.4
102,Devyani International Ltd.,Consumer Services,DEVYANI,EQ,INE872J01023,22863.1
103,Divi's Laboratories Ltd.,Healthcare,DIVISLAB,EQ,INE361B01024,102563.8
104,Dr. Reddy's Laboratories Ltd.,Healthcare,DRREDDY,EQ,INE089A01023,93949.6
105,EIH Ltd.,Consumer Services,EIHOTEL,EQ,INE230A01023,15093.2
106,EPL Ltd.,Capital Goods,EPL,EQ,INE255A01020,6279.8
107,Easy Trip Planners Ltd.,Consumer Services,EASEMYTRIP,EQ,INE07O001026,6919.8
108,Eicher Motors Ltd.,Automobile and Auto Components,EICHERMOT,EQ,INE066A01021,110614.3
109,Elgi Equipments Ltd.,Capital Goods,ELGIEQUIP,EQ,INE285A01027,17019.6
110,Emami Ltd.,Fast Moving Consumer Goods,EMAMILTD,EQ,INE548C01032,21938.5
111,Endurance Technologies Ltd.,Automobile and Auto Components,ENDURANCE,EQ,INE913H01037,25346.7
112,Engineers India Ltd.,Construction,ENGINERSIN,EQ,INE510A01028,9088.2
113,Epigral Ltd.,Chemicals,EPIGRAL,EQ,INE071N01016,3893.3
114,Eris Lifesciences Ltd.,Healthcare,ERIS,EQ,INE406M01024,12346.8
115,Escorts Kubota Ltd.,Capital Goods,ESCORTS,EQ,INE042A01014,32892.0
116,Exide Industries Ltd.,Automobile and Auto Components,EXIDEIND,EQ,INE302A01020,25189.8
117,FDC Ltd.,Healthcare,FDC,EQ,INE258B01022,6483.1
118,FSN E-Commerce Ventures Ltd.,Consumer Services,NYKAA,EQ,INE388Y01029,48791.3
119,Federal Bank Ltd.,Financial Services,FEDERALBNK,EQ,INE171A01029,37459.5
120,Fine Organic Industries Ltd.,Chemicals,FINEORG,EQ,INE686Y01026,14833.0
121,Finolex Cables Ltd.,Capital Goods,FINCABLES,EQ,INE235A01022,16272.7
122,Finolex Industries Ltd.,Capital Goods,FINPIPE,EQ,INE183A01024,13129.3
123,Firstsource Solutions Ltd.,Services,FSL,EQ,INE684F01012,12978.0
124,Fortis Healthcare Ltd.,Healthcare,FORTIS,EQ,INE061F01013,29903.9
125,G R Infraprojects Ltd.,Construction,GRINFRA,EQ,INE201P01022,11457.6
126,GAIL (India) Ltd.,Oil Gas & Consumable Fuels,GAIL,EQ,INE129A01019,101256.5
127,GMM Pfaudler Ltd.,Capital Goods,GMMPFAUDLR,EQ,INE541A01023,7158.1
128,Galaxy Surfactants Ltd.,Chemicals,GALAXYSURF,EQ,INE600K01018,9433.5
129,Gillette India Ltd.,Fast Moving Consumer Goods,GILLETTE,EQ,INE322A01010,19877.1
130,Gland Pharma Ltd.,Healthcare,GLAND,EQ,INE068V01023,31145.1
131,Glenmark Life Sciences Ltd.,Healthcare,GLS,EQ,INE03Q201024,8022.5
132,Glenmark Pharmaceuticals Ltd.,Healthcare,GLENMARK,EQ,INE935A01035,23813.6
133,Global Health Ltd.,Healthcare,MEDANTA,EQ,INE474Q01031,25867.0
134,Go Fashion (India) Ltd.,Consumer Services,GOCOLORS,EQ,INE0BJS01011,6932.9
135,Godawari Power & Ispat Ltd.,Capital Goods,GPIL,EQ,INE177H01021,10002.8
136,Godfrey Phillips India Ltd.,Fast Moving Consumer Goods,GODFRYPHLP,EQ,INE260B01028,10976.2
137,Godrej Consumer Products Ltd.,Fast Moving Consumer Goods,GODREJCP,EQ,INE102D01028,111799.4
138,Godrej Industries Ltd.,Diversified,GODREJIND,EQ,INE233A01035,23785.5
139,Godrej Properties Ltd.,Realty,GODREJPROP,EQ,INE484J01027,55154.7
140,Granules India Ltd.,Healthcare,GRANULES,EQ,INE101D01020,9613.6
141,Graphite India Ltd.,Capital Goods,GRAPHITE,EQ,INE371A01025,10657.7
142,Grasim Industries Ltd.,Construction Materials,GRASIM,EQ,INE047A01021,136269.3
143,Grindwell Norton Ltd.,Capital Goods,GRINDWELL,EQ,INE536A01023,24434.2
144,Gujarat Ambuja Exports Ltd.,Fast Moving Consumer Goods,GAEL,EQ,INE036B01030,8445.3
145,Gujarat Fluorochemicals Ltd.,Chemicals,FLUOROCHEM,EQ,INE09N301011,39602.6
146,Gujarat Gas Ltd.,Oil Gas & Consumable Fuels,GUJGASLTD,EQ,INE844O01030,31070.5
147,Gujarat Pipavav Port Ltd.,Services,GPPL,EQ,INE517F01014,7188.8
148,Gujarat State Petronet Ltd.,Oil Gas & Consumable Fuels,GSPL,EQ,INE246F01010,16774.0
149,HCL Technologies Ltd.,Information Technology,HCLTECH,EQ,INE860A01027,395693.1
150,HDFC Bank Ltd.,Financial Services,HDFCBANK,EQ,INE040A01034,1277321.7
151,HFCL Ltd.,Telecommunication,HFCL,EQ,INE548A01028,12258.9
152,HLE Glascoat Ltd.,Capital Goods,HLEGLAS,EQ,INE461D01028,3691.5
153,Havells India Ltd.,Consumer Durables,HAVELLS,EQ,INE176B01034,85341.7
154,Hero MotoCorp Ltd.,Automobile and Auto Components,HEROMOTOCO,EQ,INE158A01026,81303.1
155,Hindalco Industries Ltd.,Metals & Mining,HINDALCO,EQ,INE038A01020,130304.8
156,Hindustan Aeronautics Ltd.,Capital Goods,HAL,EQ,INE066F01020,188638.0
157,Hindustan Copper Ltd.,Metals & Mining,HINDCOPPER,EQ,INE531E01026,22555.8
158,Hindustan Unilever Ltd.,Fast Moving Consumer Goods,HINDUNILVR,EQ,INE030A01027,607310.6
159,Hindustan Zinc Ltd.,Metals & Mining,HINDZINC,EQ,INE267A01025,131703.2
160,Hitachi Energy India Ltd.,Capital Goods,POWERINDIA,EQ,INE07Y701011,21864.3
161,ICICI Bank Ltd.,Financial Services,ICICIBANK,EQ,INE090A01021,697972.3
162,ICICI Securities Ltd.,Financial Services,ISEC,EQ,INE763G01038,23308.4
163,IDBI Bank Ltd.,Financial Services,IDBI,EQ,INE008A01015,70374.5
164,IDFC First Bank Ltd.,Financial Services,IDFCFIRSTB,EQ,INE092T01019,62541.3
165,IDFC Ltd.,Financial Services,IDFC,EQ,INE043D01016,19895.8
166,IIFL Finance Ltd.,Financial Services,IIFL,EQ,INE530B01024,22589.5
167,ITC Ltd.,Fast Moving Consumer Goods,ITC,EQ,INE154A01025,569449.2
168,ITI Ltd.,Telecommunication,ITI,EQ,INE248A01017,29114.9
169,India Cements Ltd.,Construction Materials,INDIACEM,EQ,INE383A01012,8097.6
170,Indian Bank,Financial Services,INDIANB,EQ,INE562A01011,55185.1
171,Indian Energy Exchange Ltd.,Financial Services,IEX,EQ,INE022Q01020,13946.1
172,Indian Oil Corporation Ltd.,Oil Gas & Consumable Fuels,IOC,EQ,INE242A01010,180822.5
173,Indian Overseas Bank,Financial Services,IOB,EQ,INE565A01014,81091.3
174,Indigo Paints Ltd.,Consumer Durables,INDIGOPNTS,EQ,INE09VQ01012,6991.5
175,Indraprastha Gas Ltd.,Oil Gas & Consumable Fuels,IGL,EQ,INE203G01027,28829.5
176,Indus Towers Ltd.,Telecommunication,INDUSTOWER,EQ,INE121J01017,49964.1
177,IndusInd Bank Ltd.,Financial Services,INDUSINDBK,EQ,INE095A01012,122166.2
178,Infibeam Avenues Ltd.,Financial Services,INFIBEAM,EQ,INE483S01020,6098.5
179,Info Edge (India) Ltd.,Consumer Services,NAUKRI,EQ,INE663F01024,65712.9
180,Infosys Ltd.,Information Technology,INFY,EQ,INE009A01021,640806.5
181,Intellect Design Arena Ltd.,Information Technology,INTELLECT,EQ,INE306R01017,11261.7
182,InterGlobe Aviation Ltd.,Services,INDIGO,EQ,INE646L01027,112738.4
183,Ipca Laboratories Ltd.,Healthcare,IPCALAB,EQ,INE571A01038,26857.1
184,JBM Auto Ltd.,Automobile and Auto Components,JBMA,EQ,INE927D01044,17028.8
185,JK Lakshmi Cement Ltd.,Construction Materials,JKLAKSHMI,EQ,INE786A01032,10420.3
186,JK Paper Ltd.,Forest Materials,JKPAPER,EQ,INE789E01012,6685.5
187,JM Financial Ltd.,Financial Services,JMFINANCIL,EQ,INE780C01023,9249.5
188,JSW Energy Ltd.,Power,JSWENERGY,EQ,INE121E01018,68278.7
189,JSW Steel Ltd.,Metals & Mining,JSWSTEEL,EQ,INE019A01038,208426.0
190,Jamna Auto Industries Ltd.,Automobile and Auto Components,JAMNAAUTO,EQ,INE039C01032,4323.3
191,Jindal Saw Ltd.,Capital Goods,JINDALSAW,EQ,INE324A01024,13498.4
192,Jindal Stainless Ltd.,Metals & Mining,JSL,EQ,INE220G01021,45877.7
193,Jindal Steel & Power Ltd.,Metals & Mining,JINDALSTEL,EQ,INE749A01030,74435.8
194,Jubilant Foodworks Ltd.,Consumer Services,JUBLFOOD,EQ,INE797F01020,37624.4
195,Jubilant Ingrevia Ltd.,Chemicals,JUBLINGREA,EQ,INE0BY001018,8009.5
196,Jubilant Pharmova Ltd.,Healthcare,JUBLPHARMA,EQ,INE700A01033,8562.2
197,Jyothy Labs Ltd.,Fast Moving Consumer Goods,JYOTHYLAB,EQ,INE668F01031,17554.4
198,KEI Industries Ltd.,Capital Goods,KEI,EQ,INE878B01027,27629.7
199,KNR Constructions Ltd.,Construction,KNRCON,EQ,INE634I01029,7475.2
200,KPIT Technologies Ltd.,Information Technology,KPITTECH,EQ,INE04I401011,41880.9
201,KRBL Ltd.,Fast Moving Consumer Goods,KRBL,EQ,INE001B01026,8220.6
202,KSB Ltd.,Capital Goods,KSB,EQ,INE999A01015,11977.4
203,Kajaria Ceramics Ltd.,Consumer Durables,KAJARIACER,EQ,INE217B01036,21745.1
204,Kalyan Jewellers India Ltd.,Consumer Durables,KALYANKJIL,EQ,INE303R01014,35361.7
205,Kansai Nerolac Paints Ltd.,Consumer Durables,KANSAINER,EQ,INE531A01024,26292.5
206,Karur Vysya Bank Ltd.,Financial Services,KARURVYSYA,EQ,INE036D01028,13146.1
207,Kaynes Technology India Ltd.,Capital Goods,KAYNES,EQ,INE918Z01012,16830.6
208,Kotak Mahindra Bank Ltd.,Financial Services,KOTAKBANK,EQ,INE237A01028,375017.4
209,L&T Finance Holdings Ltd.,Financial Services,L&TFH,EQ,INE498L01015,38059.9
210,L&T Technology Services Ltd.,Information Technology,LTTS,EQ,INE010V01017,54959.7
211,LIC Housing Finance Ltd.,Financial Services,LICHSGFIN,EQ,INE115A01026,28262.2
212,LTIMindtree Ltd.,Information Technology,LTIM,EQ,INE214T01019,185234.4
213,Lakshmi Machine Works Ltd.,Capital Goods,LAXMIMACH,EQ,INE269B01029,14101.1
214,Larsen & Toubro Ltd.,Construction,LT,EQ,INE018A01030,490604.1
215,Latent View Analytics Ltd.,Information Technology,LATENTVIEW,EQ,INE0I7C01011,9351.1
216,Laurus Labs Ltd.,Healthcare,LAURUSLABS,EQ,INE947Q01028,23469.3
217,Laxmi Organic Industries Ltd.,Chemicals,LXCHEM,EQ,INE576O01020,7956.1
218,Lemon Tree Hotels Ltd.,Consumer Services,LEMONTREE,EQ,INE970X01018,9542.6
219,Linde India Ltd.,Chemicals,LINDEINDIA,EQ,INE473A01011,48516.9
220,Lupin Ltd.,Healthcare,LUPIN,EQ,INE326A01037,58402.5
221,Lux Industries Ltd.,Textiles,LUXIND,EQ,INE150G01020,4002.4
222,MMTC Ltd.,Services,MMTC,EQ,INE123F01029,8962.5
223,MRF Ltd.,Automobile and Auto Components,MRF,EQ,INE883A01011,51007.5
224,MTAR Technologies Ltd.,Capital Goods,MTARTECH,EQ,INE864I01014,6689.0
225,Macrotech Developers Ltd.,Realty,LODHA,EQ,INE670K01029,91891.5
226,Mahanagar Gas Ltd.,Oil Gas & Consumable Fuels,MGL,EQ,INE002S01010,11755.1
227,Mahindra & Mahindra Ltd.,Automobile and Auto Components,M&M,EQ,INE101A01026,206705.6
228,Manappuram Finance Ltd.,Financial Services,MANAPPURAM,EQ,INE522D01027,14546.0
229,Mankind Pharma Ltd.,Healthcare,MANKIND,EQ,INE634S01028,77143.3
230,Marico Ltd.,Fast Moving Consumer Goods,MARICO,EQ,INE196A01026,68502.0
231,Maruti Suzuki India Ltd.,Automobile and Auto Components,MARUTI,EQ,INE585B01010,322911.9
232,Mastek Ltd.,Information Technology,MASTEK,EQ,INE759A01021,8489.4
233,Max Financial Services Ltd.,Financial Services,MFSL,EQ,INE180A01020,32100.9
234,Max Healthcare Institute Ltd.,Healthcare,MAXHEALTH,EQ,INE027H01010,65583.7
235,Medplus Health Services Ltd.,Consumer Services,MEDPLUS,EQ,INE804L01022,8699.0
236,Metro Brands Ltd.,Consumer Durables,METROBRAND,EQ,INE317I01021,35285.4
237,Metropolis Healthcare Ltd.,Healthcare,METROPOLIS,EQ,INE112L01020,8680.9
238,Minda Corporation Ltd.,Automobile and Auto Components,MINDACORP,EQ,INE842C01021,9234.4
239,MphasiS Ltd.,Information Technology,MPHASIS,EQ,INE356A01018,51181.9
240,Muthoot Finance Ltd.,Financial Services,MUTHOOTFIN,EQ,INE414G01012,58243.5
241,NBCC (India) Ltd.,Construction,NBCC,EQ,INE095N01031,14094
242,NCC Ltd.,Construction,NCC,EQ,INE868B01028,10516.4
243,NHPC Ltd.,Power,NHPC,EQ,INE848E01016,64890.9
244,NLC India Ltd.,Power,NLCINDIA,EQ,INE589A01014,34693.6
245,NMDC Ltd.,Metals & Mining,NMDC,EQ,INE584A01023,59154.3
246,NMDC Steel Ltd.,Metals & Mining,NSLNISP,EQ,INE0NNS01018,14623.7
247,NTPC Ltd.,Power,NTPC,EQ,INE733E01010,300208.8
248,Narayana Hrudayalaya Ltd.,Healthcare,NH,EQ,INE410P01011,24213.7
249,Nazara Technologies Ltd.,Media Entertainment & Publication,NAZARA,EQ,INE418L01021,6297.9
250,Nestle India Ltd.,Fast Moving Consumer Goods,NESTLEIND,EQ,INE239A01016,246458.3
251,Oberoi Realty Ltd.,Realty,OBEROIRLTY,EQ,INE093I01010,50931.6
252,Oil India Ltd.,Oil Gas & Consumable Fuels,OIL,EQ,INE274J01014,41391.7
253,Olectra Greentech Ltd.,Automobile and Auto Components,OLECTRA,EQ,INE260D01016,10293.3
254,Orient Electric Ltd.,Consumer Durables,ORIENTELEC,EQ,INE142Z01019,4912.7
255,PB Fintech Ltd.,Financial Services,POLICYBZR,EQ,INE417T01026,35656.2
256,PCBL Ltd.,Chemicals,PCBL,EQ,INE602A01031,9653.6
257,PI Industries Ltd.,Chemicals,PIIND,EQ,INE603J01030,52370.8
258,PNB Housing Finance Ltd.,Financial Services,PNBHOUSING,EQ,INE572E01012,20413.5
259,PNC Infratech Ltd.,Construction,PNCINFRA,EQ,INE195J01029,9017.4
260,PVR INOX Ltd.,Media Entertainment & Publication,PVRINOX,EQ,INE191H01014,16261.2
261,Page Industries Ltd.,Textiles,PAGEIND,EQ,INE761H01022,41899.3
262,Patanjali Foods Ltd.,Fast Moving Consumer Goods,PATANJALI,EQ,INE619A01035,58567.2
263,Persistent Systems Ltd.,Information Technology,PERSISTENT,EQ,INE262H01013,56605.6
264,Petronet LNG Ltd.,Oil Gas & Consumable Fuels,PETRONET,EQ,INE347G01014,32347.5
265,Pfizer Ltd.,Healthcare,PFIZER,EQ,INE182A01018,19359.7
266,Phoenix Mills Ltd.,Realty,PHOENIXLTD,EQ,INE211B01039,41179.5
267,Pidilite Industries Ltd.,Chemicals,PIDILITIND,EQ,INE318A01026,135694.4
268,Piramal Enterprises Ltd.,Financial Services,PEL,EQ,INE140A01024,20284.9
269,Piramal Pharma Ltd.,Healthcare,PPLPHARMA,EQ,INE0DK501011,18337.2
270,Poly Medicure Ltd.,Healthcare,POLYMED,EQ,INE205C01021,13844.2
271,Polycab India Ltd.,Capital Goods,POLYCAB,EQ,INE455K01017,81004.3
272,Polyplex Corporation Ltd.,Capital Goods,POLYPLEX,EQ,INE633B01018,3186.0
273,Poonawalla Fincorp Ltd.,Financial Services,POONAWALLA,EQ,INE511C01022,33841.6
274,Praj Industries Ltd.,Capital Goods,PRAJIND,EQ,INE074A01025,10239.3
275,Prism Johnson Ltd.,Construction Materials,PRSMJOHNSN,EQ,INE010A01011,9161.1
276,Procter & Gamble Health Ltd.,Healthcare,PGHL,EQ,INE199A01012,8219.3
277,Punjab National Bank,Financial Services,PNB,EQ,INE160A01022,97447.5
278,Quess Corp Ltd.,Services,QUESS,EQ,INE615P01015,7584.3
279,RBL Bank Ltd.,Financial Services,RBLBANK,EQ,INE976G01028,15701.3
280,REC Ltd.,Financial Services,RECLTD,EQ,INE020B01018,110332.1
281,Rail Vikas Nigam Ltd.,Construction,RVNL,EQ,INE415G01027,37248.9
282,Rajesh Exports Ltd.,Consumer Durables,RAJESHEXPO,EQ,INE343B01030,10658.9
283,Rallis India Ltd.,Chemicals,RALLIS,EQ,INE613A01020,4930.8
284,Ratnamani Metals & Tubes Ltd.,Capital Goods,RATNAMANI,EQ,INE703B01027,23970.1
285,RattanIndia Enterprises Ltd.,Services,RTNINDIA,EQ,INE834M01019,10664.2
286,Raymond Ltd.,Textiles,RAYMOND,EQ,INE301A01014,11429.4
287,Redington Ltd.,Services,REDINGTON,EQ,INE891D01026,13734.7
288,Relaxo Footwears Ltd.,Consumer Durables,RELAXO,EQ,INE131B01039,22292.5
289,Reliance Industries Ltd.,Oil Gas & Consumable Fuels,RELIANCE,EQ,INE002A01018,1744281.7
290,Restaurant Brands Asia Ltd.,Consumer Services,RBA,EQ,INE07T201019,5529.4
291,Rossari Biotech Ltd.,Chemicals,ROSSARI,EQ,INE02A801020,4396.6
292,Route Mobile Ltd.,Telecommunication,ROUTE,EQ,INE450U01017,9983.4
293,SJVN Ltd.,Power,SJVN,EQ,INE002L01015,35977.3
294,SKF India Ltd.,Capital Goods,SKFINDIA,EQ,INE640A01023,23039.1
295,SRF Ltd.,Chemicals,SRF,EQ,INE647A01010,73840.9
296,Sanofi India Ltd.,Healthcare,SANOFI,EQ,INE058A01010,18455.5
297,Sapphire Foods India Ltd.,Consumer Services,SAPPHIRE,EQ,INE806T01012,9144.9
298,Schaeffler India Ltd.,Automobile and Auto Components,SCHAEFFLER,EQ,INE513A01022,50029.7
299,Sharda Cropchem Ltd.,Chemicals,SHARDACROP,EQ,INE221J01015,3855.6
300,Sheela Foam Ltd.,Consumer Durables,SFL,EQ,INE916U01025,13205.6
301,Shoppers Stop Ltd.,Consumer Services,SHOPERSTOP,EQ,INE498B01024,7671.2
302,Shree Renuka Sugars Ltd.,Fast Moving Consumer Goods,RENUKA,EQ,INE087H01022,9972.0
303,Shriram Finance Ltd.,Financial Services,SHRIRAMFIN,EQ,INE721A01013,76461.8
304,Siemens Ltd.,Capital Goods,SIEMENS,EQ,INE003A01024,142603.0
305,Sobha Ltd.,Realty,SOBHA,EQ,INE671H01015,9621.2
306,Solar Industries India Ltd.,Chemicals,SOLARINDS,EQ,INE343H01029,61471.3
307,Sonata Software Ltd.,Information Technology,SONATSOFTW,EQ,INE269A01021,20879.0
308,State Bank of India,Financial Services,SBIN,EQ,INE062A01020,569434.9
309,Sterlite Technologies Ltd.,Telecommunication,STLTECH,EQ,INE089C01029,5758.3
310,Sumitomo Chemical India Ltd.,Chemicals,SUMICHEM,EQ,INE258G01013,20100.6
311,Sun TV Network Ltd.,Media Entertainment & Publication,SUNTV,EQ,INE424H01027,28011.5
312,Sundaram Finance Ltd.,Financial Services,SUNDARMFIN,EQ,INE660A01013,38864.1
313,Sundram Fasteners Ltd.,Automobile and Auto Components,SUNDRMFAST,EQ,INE387A01021,26145.2
314,Sunteck Realty Ltd.,Realty,SUNTECK,EQ,INE805D01034,6170.7
315,Suprajit Engineering Ltd.,Automobile and Auto Components,SUPRAJIT,EQ,INE399C01030,5047.3
316,Supreme Industries Ltd.,Capital Goods,SUPREMEIND,EQ,INE195A01028,58293.3
317,Suven Pharmaceuticals Ltd.,Healthcare,SUVENPHAR,EQ,INE03QK01018,18066.5
318,Suzlon Energy Ltd.,Capital Goods,SUZLON,BE,INE040H01021,50167.8
319,Swan Energy Ltd.,Realty,SWANENERGY,EQ,INE665A01038,13284.3
320,Symphony Ltd.,Consumer Durables,SYMPHONY,EQ,INE225D01027,6096.1
321,Syngene International Ltd.,Healthcare,SYNGENE,EQ,INE398R01022,28149.1
322,Syrma SGS Technology Ltd.,Capital Goods,SYRMA,EQ,INE0DYJ01015,11798.8
323,TTK Prestige Ltd.,Consumer Durables,TTKPRESTIG,EQ,INE690A01028,10288.6
324,TV18 Broadcast Ltd.,Media Entertainment & Publication,TV18BRDCST,EQ,INE886H01027,8940.4
325,TVS Motor Company Ltd.,Automobile and Auto Components,TVSMOTOR,EQ,INE494B01023,94836.9
326,Tanla Platforms Ltd.,Information Technology,TANLA,EQ,INE483C01032,14578.8
327,Tata Chemicals Ltd.,Chemicals,TATACHEM,EQ,INE092A01019,27876.7
328,Tata Communications Ltd.,Telecommunication,TATACOMM,EQ,INE151A01013,49470.3
329,Tata Consumer Products Ltd.,Fast Moving Consumer Goods,TATACONSUM,EQ,INE192A01025,93584.0
330,Tata Elxsi Ltd.,Information Technology,TATAELXSI,EQ,INE670A01012,55178.8
331,Tata Motors Ltd.,Automobile and Auto Components,TATAMOTORS,EQ,INE155A01022,239095.5
332,Tata Steel Ltd.,Metals & Mining,TATASTEEL,EQ,INE081A01020,166260.0
333,Tech Mahindra Ltd.,Information Technology,TECHM,EQ,INE669C01036,125144.3
334,Tejas Networks Ltd.,Telecommunication,TEJASNET,EQ,INE010J01012,14540.9
335,The Ramco Cements Ltd.,Construction Materials,RAMCOCEM,EQ,INE331A01037,23341.0
336,Thermax Ltd.,Capital Goods,THERMAX,EQ,INE152A01029,36511.9
337,Timken India Ltd.,Capital Goods,TIMKEN,EQ,INE325A01013,24143.3
338,Titan Company Ltd.,Consumer Durables,TITAN,EQ,INE280A01028,324636.8
339,Torrent Pharmaceuticals Ltd.,Healthcare,TORNTPHARM,EQ,INE685A01028,77243.4
340,Torrent Power Ltd.,Power,TORNTPOWER,EQ,INE813H01021,43858.7
341,Trent Ltd.,Consumer Services,TRENT,EQ,INE849A01020,105579.8
342,Trident Ltd.,Textiles,TRIDENT,EQ,INE064C01022,18370.9
343,Triveni Turbine Ltd.,Capital Goods,TRITURBINE,EQ,INE152M01016,12980.5
344,UCO Bank,Financial Services,UCOBANK,EQ,INE691A01018,46867.4
345,UNO Minda Ltd.,Automobile and Auto Components,UNOMINDA,EQ,INE405E01023,38027.4
346,UPL Ltd.,Chemicals,UPL,EQ,INE628A01036,43993.1
347,UltraTech Cement Ltd.,Construction Materials,ULTRACEMCO,EQ,INE481G01011,289225.1
348,Union Bank of India,Financial Services,UNIONBANK,EQ,INE692A01016,86836.8
349,United Breweries Ltd.,Fast Moving Consumer Goods,UBL,EQ,INE686F01025,45185.5
350,United Spirits Ltd.,Fast Moving Consumer Goods,MCDOWELL-N,EQ,INE854D01024,78339.3
351,Usha Martin Ltd.,Capital Goods,USHAMART,EQ,INE228A01035,9404.3
352,V-Guard Industries Ltd.,Consumer Durables,VGUARD,EQ,INE951I01027,12604.8
353,V-Mart Retail Ltd.,Consumer Services,VMART,EQ,INE665J01013,4009.0
354,Vaibhav Global Ltd.,Consumer Durables,VAIBHAVGBL,EQ,INE884A01027,6692.5
355,Vardhman Textiles Ltd.,Textiles,VTL,EQ,INE825A01020,11306.7
356,Varroc Engineering Ltd.,Automobile and Auto Components,VARROC,EQ,INE665L01035,8390.3
357,Varun Beverages Ltd.,Fast Moving Consumer Goods,VBL,EQ,INE200M01021,162408.4
358,Vedant Fashions Ltd.,Consumer Services,MANYAVAR,EQ,INE825V01034,31129.7
359,Vedanta Ltd.,Metals & Mining,VEDL,EQ,INE205A01025,97279.3
360,Vijaya Diagnostic Centre Ltd.,Healthcare,VIJAYA,EQ,INE043W01024,6453.6
361,Vinati Organics Ltd.,Chemicals,VINATIORGA,EQ,INE410B01037,17825.0
362,Vodafone Idea Ltd.,Telecommunication,IDEA,EQ,INE669E01016,64987.4
363,Voltas Ltd.,Consumer Durables,VOLTAS,EQ,INE226A01021,31963.5
364,Welspun Corp Ltd.,Capital Goods,WELCORP,EQ,INE191B01025,14263.5
365,Welspun Living Ltd.,Textiles,WELSPUNLIV,EQ,INE192B01031,14018.3
366,Westlife Foodworld Ltd.,Consumer Services,WESTLIFE,EQ,INE274F01020,12819.5
367,Whirlpool of India Ltd.,Consumer Durables,WHIRLPOOL,EQ,INE716A01013,17291.4
368,Wipro Ltd.,Information Technology,WIPRO,EQ,INE075A01022,245591.3
369,Zomato Ltd.,Consumer Services,ZOMATO,EQ,INE758T01015,108886.4
370,Zydus Lifesciences Ltd.,Healthcare,ZYDUSLIFE,EQ,INE010B01027,68445.2
371,Zydus Wellness Ltd.,Fast Moving Consumer Goods,ZYDUSWELL,EQ,INE768C01010,10207.2
372,eClerx Services Ltd.,Services,ECLERX,EQ,INE738I01010,12824.3
